A1	CD	n
A1	DVD	n
A1	December	n
A1	February	n
A1	Friday	n
A1	I	pron
A1	January	n
A1	July	n
A1	June	n
A1	March	n
A1	May	n
A1	Monday	n
A1	November	n
A1	OK	adj
A1	OK	adv
A1	OK	exclam
A1	October	n
A1	Saturday	n
A1	September	n
A1	Sunday	n
A1	T-shirt	n
A1	TV	n
A1	Thursday	n
A1	Tuesday	n
A1	Wednesday	n
A1	beer	n
A1	before	prep
A1	begin	v
A1	beginning	n
A1	behind	adv
A1	behind	prep
A1	believe	v
A1	below	adv
A1	below	prep
A1	best	adj
A1	better	adj
A1	between	prep
A1	bicycle	n
A1	big	adj
A1	bike	n
A1	bill	n
A1	bird	n
A1	birthday	n
A1	black	adj
A1	black	n
A1	blog	n
A1	blonde	adj
A1	blue	adj
A1	blue	n
A1	boat	n
A1	body	n
A1	book	n
A1	boot	n
A1	bored	adj
A1	boring	adj
A1	born	v
A1	both	det
A1	both	pron
A1	bottle	n
A1	box	n
A1	boy	n
A1	boyfriend	n
A1	bread	n
A1	break	n
A1	break	v
A1	breakfast	n
A1	bring	v
A1	brother	n
A1	brown	adj
A1	brown	n
A1	build	v
A1	building	n
A1	bus	n
A1	business	n
A1	busy	adj
A1	but	conj
A1	butter	n
A1	buy	v
A1	by	prep
A1	bye	exclam
A1	cafe	n
A1	cake	n
A1	call	n
A1	call	v
A1	camera	n
A1	can	modal
A1	can	v
A1	cannot	v
A1	capital	adj
A1	capital	n
A1	car	n
A1	card	n
A1	career	n
A1	carrot	n
A1	carry	v
A1	cat	n
A1	cent	n
A1	centre	n
A1	century	n
A1	chair	n
A1	change	n
A1	change	v
A1	chart	n
A1	cheap	adj
A1	check	v
A1	cheese	n
A1	chicken	n
A1	child	n
A1	chocolate	n
A1	choose	v
A1	cinema	n
A1	city	n
A1	class	n
A1	classroom	n
A1	clean	adj
A1	clean	v
A1	climb	v
A1	clock	n
A1	close	v
A1	clothes	n
A1	club	n
A1	coat	n
A1	coffee	n
A1	cold	adj
A1	cold	n
A1	college	n
A1	colour	n
A1	come	v
A1	common	adj
A1	common	n
A1	company	n
A1	compare	v
A1	complete	adj
A1	complete	v
A1	computer	n
A1	concert	n
A1	conversation	n
A1	cook	v
A1	cooking	n
A1	cool	adj
A1	correct	adj
A1	correct	v
A1	cost	n
A1	cost	v
A1	could	modal
A1	could	v
A1	country	n
A1	course	n
A1	cousin	n
A1	cow	n
A1	cream	n
A1	create	v
A1	culture	n
A1	cup	n
A1	customer	n
A1	cut	v
A1	dad	n
A1	dance	n
A1	dance	v
A1	dancer	n
A1	dancing	n
A1	dangerous	adj
A1	dark	adj
A1	date	n
A1	daughter	n
A1	day	n
A1	dear	adj
A1	decide	v
A1	delicious	adj
A1	describe	v
A1	description	n
A1	design	n
A1	design	v
A1	desk	n
A1	detail	n
A1	dialogue	n
A1	dictionary	n
A1	die	v
A1	diet	n
A1	difference	n
A1	different	adj
A1	difficult	adj
A1	dinner	n
A1	dirty	adj
A1	discuss	v
A1	dish	n
A1	do	auxiliary
A1	do	v
A1	do	v
A1	doctor	n
A1	dog	n
A1	dollar	n
A1	door	n
A1	down	adv
A1	down	prep
A1	downstairs	adv
A1	draw	v
A1	dress	n
A1	dress	v
A1	drink	n
A1	drink	v
A1	drive	v
A1	driver	n
A1	during	prep
A1	each	adv
A1	each	det
A1	each	pron
A1	ear	n
A1	early	adj
A1	early	adv
A1	east	adj
A1	east	adv
A1	east	n
A1	easy	adj
A1	eat	v
A1	egg	n
A1	eight	number
A1	eighteen	number
A1	eighty	number
A1	elephant	n
A1	eleven	number
A1	else	adv
A1	email	n
A1	email	v
A1	end	n
A1	end	v
A1	enjoy	v
A1	enough	adv
A1	enough	det
A1	enough	pron
A1	euro	n
A1	even	adv
A1	evening	n
A1	event	n
A1	ever	adv
A1	every	det
A1	everybody	pron
A1	everyone	pron
A1	everything	pron
A1	exam	n
A1	example	n
A1	excited	adj
A1	exciting	adj
A1	exercise	n
A1	exercise	v
A1	expensive	adj
A1	explain	v
A1	extra	adj
A1	eye	n
A1	face	n
A1	fact	n
A1	fall	v
A1	false	adj
A1	family	adj
A1	family	n
A1	famous	adj
A1	fantastic	adj
A1	far	adv
A1	farm	n
A1	farmer	n
A1	fast	adj
A1	fast	adv
A1	fat	adj
A1	father	n
A1	favourite	adj
A1	favourite	n
A1	feel	v
A1	feeling	n
A1	festival	n
A1	few	adj
A1	few	det
A1	few	pron
A1	fifteen	number
A1	fifth	number
A1	fifty	number
A1	fill	v
A1	film	n
A1	final	adj
A1	find	v
A1	fine	adj
A1	finish	v
A1	fire	n
A1	first	adv
A1	first	det
A1	first	number
A1	fish	n
A1	five	number
A1	flat	n
A1	flight	n
A1	floor	n
A1	flower	n
A1	fly	v
A1	follow	v
A1	food	n
A1	foot	n
A1	football	n
A1	for	prep
A1	forget	v
A1	form	n
A1	form	v
A1	forty	number
A1	four	number
A1	fourteen	number
A1	fourth	number
A1	free	adj
A1	friend	n
A1	friendly	adj
A1	from	prep
A1	front	adj
A1	front	n
A1	fruit	n
A1	full	adj
A1	fun	n
A1	funny	adj
A1	future	n
A1	game	n
A1	garden	n
A1	geography	n
A1	get	v
A1	girl	n
A1	girlfriend	n
A1	give	v
A1	glass	n
A1	go	v
A1	good	adj
A1	goodbye	exclam
A1	goodbye	n
A1	grandfather	n
A1	grandmother	n
A1	grandparent	n
A1	great	adj
A1	green	adj
A1	green	n
A1	grey	adj
A1	grey	n
A1	group	n
A1	grow	v
A1	guess	n
A1	guess	v
A1	guitar	n
A1	gym	n
A1	hair	n
A1	half	det
A1	half	n
A1	half	pron
A1	hand	n
A1	happen	v
A1	happy	adj
A1	hard	adj
A1	hard	adv
A1	hat	n
A1	hate	v
A1	have	v
A1	have-to	modal
A1	have-to	v
A1	he	pron
A1	head	n
A1	health	n
A1	healthy	adj
A1	hear	v
A1	hello	exclam
A1	hello	n
A1	help	n
A1	help	v
A1	her	det
A1	her	pron
A1	here	adv
A1	hey	exclam
A1	hi	exclam
A1	high	adj
A1	him	pron
A1	his	det
A1	history	n
A1	hobby	n
A1	holiday	n
A1	home	adv
A1	home	n
A1	homework	n
A1	hope	v
A1	horse	n
A1	hospital	n
A1	hot	adj
A1	hotel	n
A1	hour	n
A1	house	n
A1	how	adv
A1	however	adv
A1	hundred	number
A1	hungry	adj
A1	husband	n
A1	ice	n
A1	ice-cream	n
A1	idea	n
A1	if	conj
A1	imagine	v
A1	important	adj
A1	improve	v
A1	in	adv
A1	in	prep
A1	include	v
A1	information	n
A1	interest	n
A1	interest	v
A1	interested	adj
A1	interesting	adj
A1	internet	n
A1	interview	n
A1	interview	v
A1	into	prep
A1	introduce	v
A1	island	n
A1	it	pron
A1	its	det
A1	jacket	n
A1	jeans	n
A1	job	n
A1	join	v
A1	journey	n
A1	juice	n
A1	just	adv
A1	keep	v
A1	key	adj
A1	key	n
A1	kilometre	n
A1	kind	n
A1	kitchen	n
A1	know	v
A1	land	n
A1	language	n
A1	large	adj
A1	last	det
A1	late	adj
A1	late	adv
A1	later	adv
A1	laugh	n
A1	laugh	v
A1	learn	v
A1	leave	v
A1	left	adj
A1	left	adv
A1	left	n
A1	leg	n
A1	lesson	n
A1	let	v
A1	letter	n
A1	library	n
A1	lie	v
A1	life	n
A1	light	adj
A1	light	n
A1	like	prep
A1	like	v
A1	line	n
A1	lion	n
A1	list	n
A1	list	v
A1	listen	v
A1	little	adj
A1	little	det
A1	little	pron
A1	live	v
A1	local	adj
A1	long	adj
A1	long	adv
A1	look	v
A1	lose	v
A1	lot	adv
A1	lot	det
A1	lot	pron
A1	love	n
A1	love	v
A1	lunch	n
A1	machine	n
A1	magazine	n
A1	main	adj
A1	make	v
A1	man	n
A1	many	det
A1	many	pron
A1	map	n
A1	market	n
A1	married	adj
A1	match	n
A1	match	v
A1	maybe	adv
A1	me	pron
A1	meal	n
A1	mean	v
A1	meaning	n
A1	meat	n
A1	meet	v
A1	meeting	n
A1	member	n
A1	menu	n
A1	message	n
A1	metre	n
A1	midnight	n
A1	mile	n
A1	milk	n
A1	million	number
A1	minute	n
A1	miss	v
A1	mistake	n
A1	model	n
A1	modern	adj
A1	moment	n
A1	money	n
A1	month	n
A1	more	adv
A1	more	det
A1	more	pron
A1	morning	n
A1	most	adv
A1	most	det
A1	most	pron
A1	mother	n
A1	mountain	n
A1	mouse	n
A1	mouth	n
A1	move	v
A1	movie	n
A1	much	adv
A1	much	det
A1	much	pron
A1	mum	n
A1	museum	n
A1	music	n
A1	must	modal
A1	must	v
A1	my	det
A1	name	n
A1	name	v
A1	natural	adj
A1	near	adj
A1	near	adv
A1	near	prep
A1	need	v
A1	negative	adj
A1	neighbour	n
A1	never	adv
A1	new	adj
A1	news	n
A1	newspaper	n
A1	next	adj
A1	next	adv
A1	next-to	prep
A1	nice	adj
A1	night	n
A1	nine	number
A1	nineteen	number
A1	ninety	number
A1	no	det
A1	no	exclam
A1	no-one	pron
A1	nobody	pron
A1	north	adj
A1	north	adv
A1	north	n
A1	nose	n
A1	not	adv
A1	note	n
A1	nothing	pron
A1	now	adv
A1	number	n
A1	nurse	n
A1	o'clock	adv
A1	object	n
A1	of	prep
A1	off	adv
A1	off	prep
A1	office	n
A1	often	adv
A1	oh	exclam
A1	old	adj
A1	on	adv
A1	on	prep
A1	once	adv
A1	one	det
A1	one	number
A1	one	pron
A1	onion	n
A1	online	adj
A1	online	adv
A1	only	adj
A1	only	adv
A1	open	adj
A1	open	v
A1	opinion	n
A1	opposite	adj
A1	opposite	adv
A1	opposite	n
A1	opposite	prep
A1	or	conj
A1	orange	adj
A1	orange	n
A1	order	n
A1	order	v
A1	other	adj
A1	other	pron
A1	our	det
A1	out	adv
A1	out	prep
A1	outside	adv
A1	over	adv
A1	over	prep
A1	own	adj
A1	own	pron
A1	page	n
A1	paint	n
A1	paint	v
A1	painting	n
A1	pair	n
A1	paper	n
A1	paragraph	n
A1	parent	n
A1	park	n
A1	park	v
A1	part	n
A1	partner	n
A1	party	n
A1	passport	n
A1	past	adj
A1	past	n
A1	past	prep
A1	pay	v
A1	pen	n
A1	pencil	n
A1	people	n
A1	pepper	n
A1	perfect	adj
A1	period	n
A1	person	n
A1	personal	adj
A1	phone	n
A1	phone	v
A1	photo	n
A1	photograph	n
A1	phrase	n
A1	piano	n
A1	picture	n
A1	piece	n
A1	pig	n
A1	pink	adj
A1	pink	n
A1	place	n
A1	plan	n
A1	plan	v
A1	plane	n
A1	plant	n
A1	play	n
A1	play	v
A1	player	n
A1	please	exclam
A1	point	n
A1	police	n
A1	policeman	n
A1	pool	n
A1	poor	adj
A1	popular	adj
A1	positive	adj
A1	possible	adj
A1	post	n
A1	post	v
A1	potato	n
A1	pound	n
A1	practice	n
A1	practise	v
A1	prefer	v
A1	prepare	v
A1	present	adj
A1	present	n
A1	pretty	adj
A1	pretty	adv
A1	price	n
A1	probably	adv
A1	problem	n
A1	product	n
A1	programme	n
A1	project	n
A1	purple	adj
A1	purple	n
A1	put	v
A1	quarter	n
A1	question	n
A1	quick	adj
A1	quickly	adv
A1	quiet	adj
A1	quite	adv
A1	radio	n
A1	rain	n
A1	rain	v
A1	read	v
A1	reader	n
A1	reading	n
A1	ready	adj
A1	real	adj
A1	really	adv
A1	reason	n
A1	red	adj
A1	red	n
A1	relax	v
A1	remember	v
A1	repeat	v
A1	report	n
A1	restaurant	n
A1	result	n
A1	return	n
A1	return	v
A1	rice	n
A1	rich	adj
A1	ride	v
A1	right	adj
A1	right	adv
A1	right	n
A1	river	n
A1	road	n
A1	room	n
A1	routine	n
A1	rule	n
A1	run	v
A1	sad	adj
A1	salad	n
A1	salt	n
A1	same	adj
A1	same	adv
A1	same	pron
A1	sandwich	n
A1	say	v
A1	school	n
A1	science	n
A1	scientist	n
A1	sea	n
A1	second	det
A1	second	n
A1	second	number
A1	section	n
A1	see	v
A1	sell	v
A1	send	v
A1	sentence	n
A1	seven	number
A1	seventeen	number
A1	seventy	number
A1	share	v
A1	she	pron
A1	sheep	n
A1	shirt	n
A1	shoe	n
A1	shop	n
A1	shop	v
A1	shopping	n
A1	short	adj
A1	should	modal
A1	should	v
A1	show	n
A1	show	v
A1	shower	n
A1	sick	adj
A1	similar	adj
A1	sing	v
A1	singer	n
A1	sister	n
A1	sit	v
A1	situation	n
A1	six	number
A1	sixteen	number
A1	sixty	number
A1	skill	n
A1	skirt	n
A1	sleep	v
A1	slow	adj
A1	small	adj
A1	snake	n
A1	snow	n
A1	snow	v
A1	so	adv
A1	so	conj
A1	some	det
A1	some	pron
A1	somebody	pron
A1	someone	pron
A1	something	pron
A1	sometimes	adv
A1	son	n
A1	song	n
A1	soon	adv
A1	sorry	adj
A1	sorry	exclam
A1	sound	n
A1	sound	v
A1	soup	n
A1	south	adj
A1	south	adv
A1	south	n
A1	space	n
A1	speak	v
A1	special	adj
A1	spell	v
A1	spelling	n
A1	spend	v
A1	sport	n
A1	spring	n
A1	stand	v
A1	star	n
A1	start	v
A1	statement	n
A1	station	n
A1	stay	v
A1	still	adv
A1	stop	n
A1	stop	v
A1	story	n
A1	street	n
A1	strong	adj
A1	student	n
A1	study	n
A1	study	v
A1	style	n
A1	subject	n
A1	success	n
A1	sugar	n
A1	summer	n
A1	sun	n
A1	supermarket	n
A1	sure	adj
A1	sweater	n
A1	swim	v
A1	swimming	n
A1	table	n
A1	take	v
A1	talk	v
A1	tall	adj
A1	taxi	n
A1	tea	n
A1	teach	v
A1	teacher	n
A1	team	n
A1	teenager	n
A1	telephone	n
A1	telephone	v
A1	television	n
A1	tell	v
A1	ten	number
A1	tennis	n
A1	terrible	adj
A1	test	n
A1	test	v
A1	text	n
A1	than	conj
A1	thank	v
A1	thanks	exclam
A1	thanks	n
A1	that	conj
A1	that	det
A1	that	pron
A1	the	article
A1	the	deffnite
A1	theatre	n
A1	their	det
A1	them	pron
A1	then	adv
A1	there	adv
A1	they	pron
A1	thing	n
A1	think	v
A1	third	number
A1	thirsty	adj
A1	thirteen	number
A1	thirty	number
A1	this	det
A1	this	pron
A1	thousand	number
A1	three	number
A1	through	adv
A1	through	prep
A1	ticket	n
A1	time	n
A1	tired	adj
A1	title	n
A1	to	inffnitive
A1	to	marker
A1	to	prep
A1	today	adv
A1	today	n
A1	together	adv
A1	toilet	n
A1	tomato	n
A1	tomorrow	adv
A1	tomorrow	n
A1	tonight	adv
A1	tonight	n
A1	too	adv
A1	tooth	n
A1	topic	n
A1	tourist	n
A1	town	n
A1	traffic	n
A1	train	n
A1	travel	n
A1	travel	v
A1	tree	n
A1	trip	n
A1	trousers	n
A1	true	adj
A1	try	v
A1	turn	n
A1	turn	v
A1	twelve	number
A1	twenty	number
A1	twice	adv
A1	two	number
A1	type	n
A1	umbrella	n
A1	uncle	n
A1	under	adv
A1	under	prep
A1	understand	v
A1	university	n
A1	until	conj
A1	until	prep
A1	up	adv
A1	up	prep
A1	upstairs	adv
A1	us	pron
A1	use	v
A1	useful	adj
A1	usually	adv
A1	vacation	n
A1	vegetable	n
A1	very	adv
A1	video	n
A1	village	n
A1	visit	n
A1	visit	v
A1	visitor	n
A1	wait	v
A1	waiter	n
A1	wake	v
A1	walk	n
A1	walk	v
A1	wall	n
A1	want	v
A1	warm	adj
A1	wash	v
A1	watch	n
A1	watch	v
A1	water	n
A1	way	n
A1	we	pron
A1	wear	v
A1	weather	n
A1	website	n
A1	week	n
A1	weekend	n
A1	welcome	adj
A1	welcome	exclam
A1	welcome	v
A1	well	adj
A1	well	adv
A1	well	exclam
A1	west	adj
A1	west	adv
A1	west	n
A1	what	det
A1	what	pron
A1	when	adv
A1	when	conj
A1	when	pron
A1	where	adv
A1	where	conj
A1	which	det
A1	which	pron
A1	white	adj
A1	white	n
A1	who	pron
A1	why	adv
A1	wife	n
A1	will	modal
A1	will	v
A1	win	v
A1	window	n
A1	wine	n
A1	winter	n
A1	with	prep
A1	without	prep
A1	woman	n
A1	wonderful	adj
A1	word	n
A1	work	n
A1	work	v
A1	worker	n
A1	world	n
A1	would	modal
A1	would	v
A1	write	v
A1	writer	n
A1	writing	n
A1	wrong	adj
A1	yeah	exclam
A1	year	n
A1	yellow	adj
A1	yellow	n
A1	yes	exclam
A1	yesterday	adv
A1	yesterday	n
A1	you	pron
A1	young	adj
A1	your	det
A1	yourself	pron
A2	before	adv
A2	before	conj
A2	behave	v
A2	behaviour	n
A2	belong	v
A2	belt	n
A2	benefit	n
A2	best	adv
A2	best	n
A2	better	adv
A2	between	adv
A2	billion	number
A2	bin	n
A2	biology	n
A2	birth	n
A2	biscuit	n
A2	bit	n
A2	blank	adj
A2	blank	n
A2	blood	n
A2	blow	v
A2	board	n
A2	boil	v
A2	bone	n
A2	book	v
A2	borrow	v
A2	boss	n
A2	bottom	adj
A2	bottom	n
A2	bowl	n
A2	brain	n
A2	bridge	n
A2	bright	adj
A2	brilliant	adj
A2	broken	adj
A2	brush	n
A2	brush	v
A2	burn	v
A2	businessman	n
A2	button	n
A2	camp	n
A2	camp	v
A2	camping	n
A2	can	n
A2	care	n
A2	care	v
A2	careful	adj
A2	carefully	adv
A2	carpet	n
A2	cartoon	n
A2	case	n
A2	cash	n
A2	castle	n
A2	catch	v
A2	cause	n
A2	cause	v
A2	celebrate	v
A2	celebrity	n
A2	certain	adj
A2	certainly	adv
A2	chance	n
A2	character	n
A2	charity	n
A2	chat	n
A2	chat	v
A2	check	n
A2	chef	n
A2	chemistry	n
A2	chip	n
A2	choice	n
A2	church	n
A2	cigarette	n
A2	circle	n
A2	circle	v
A2	classical	adj
A2	clear	adj
A2	clearly	adv
A2	clever	adj
A2	climate	n
A2	close	adj
A2	closed	adj
A2	clothing	n
A2	cloud	n
A2	coach	n
A2	coast	n
A2	code	n
A2	colleague	n
A2	collect	v
A2	column	n
A2	comedy	n
A2	comfortable	adj
A2	comment	n
A2	communicate	v
A2	community	n
A2	compete	v
A2	competition	n
A2	complain	v
A2	completely	adv
A2	condition	n
A2	conference	n
A2	connect	v
A2	connected	adj
A2	consider	v
A2	contain	v
A2	context	n
A2	continent	n
A2	continue	v
A2	control	n
A2	control	v
A2	cook	n
A2	cooker	n
A2	copy	n
A2	copy	v
A2	corner	n
A2	correctly	adv
A2	count	v
A2	couple	n
A2	cover	v
A2	crazy	adj
A2	creative	adj
A2	credit	n
A2	crime	n
A2	criminal	n
A2	cross	n
A2	cross	v
A2	crowd	n
A2	crowded	adj
A2	cry	v
A2	cupboard	n
A2	curly	adj
A2	cycle	n
A2	cycle	v
A2	daily	adj
A2	danger	n
A2	dark	n
A2	data	n
A2	dead	adj
A2	deal	v
A2	dear	exclam
A2	death	n
A2	decision	n
A2	deep	adj
A2	definitely	adv
A2	degree	n
A2	dentist	n
A2	department	n
A2	depend	v
A2	desert	n
A2	designer	n
A2	destroy	v
A2	detective	n
A2	develop	v
A2	device	n
A2	diary	n
A2	differently	adv
A2	digital	adj
A2	direct	adj
A2	direction	n
A2	director	n
A2	disagree	v
A2	disappear	v
A2	disaster	n
A2	discover	v
A2	discovery	n
A2	discussion	n
A2	disease	n
A2	distance	n
A2	divorced	adj
A2	document	n
A2	double	adj
A2	double	det
A2	double	pron
A2	double	v
A2	download	n
A2	download	v
A2	downstairs	adj
A2	drama	n
A2	drawing	n
A2	dream	n
A2	dream	v
A2	drive	n
A2	driving	n
A2	drop	v
A2	drug	n
A2	dry	adj
A2	dry	v
A2	earn	v
A2	earth	n
A2	easily	adv
A2	education	n
A2	effect	n
A2	either	adv
A2	either	det
A2	either	pron
A2	electric	adj
A2	electrical	adj
A2	electricity	n
A2	electronic	adj
A2	employ	v
A2	employee	n
A2	employer	n
A2	empty	adj
A2	ending	n
A2	energy	n
A2	engine	n
A2	engineer	n
A2	enormous	adj
A2	enter	v
A2	environment	n
A2	equipment	n
A2	error	n
A2	especially	adv
A2	essay	n
A2	everyday	adj
A2	everywhere	adv
A2	evidence	n
A2	exact	adj
A2	exactly	adv
A2	excellent	adj
A2	except	prep
A2	exist	v
A2	expect	v
A2	experience	n
A2	experiment	n
A2	expert	adj
A2	expert	n
A2	explanation	n
A2	express	v
A2	expression	n
A2	extreme	adj
A2	extremely	adv
A2	factor	n
A2	factory	n
A2	fail	v
A2	fair	adj
A2	fall	n
A2	fan	n
A2	farm	v
A2	farming	n
A2	fashion	n
A2	fat	n
A2	fear	n
A2	feature	n
A2	feed	v
A2	female	adj
A2	female	n
A2	fiction	n
A2	field	n
A2	fight	n
A2	fight	v
A2	figure	n
A2	film	v
A2	final	n
A2	finally	adv
A2	finger	n
A2	finish	n
A2	first	n
A2	firstly	adv
A2	fish	v
A2	fishing	n
A2	fit	adj
A2	fit	v
A2	fix	v
A2	flat	adj
A2	flu	n
A2	fly	n
A2	flying	adj
A2	flying	n
A2	focus	n
A2	focus	v
A2	following	adj
A2	foreign	adj
A2	forest	n
A2	fork	n
A2	formal	adj
A2	fortunately	adv
A2	forward	adv
A2	free	adv
A2	fresh	adj
A2	fridge	n
A2	frog	n
A2	fun	adj
A2	furniture	n
A2	further	adj
A2	future	adj
A2	gallery	n
A2	gap	n
A2	gas	n
A2	gate	n
A2	general	adj
A2	gift	n
A2	goal	n
A2	god	n
A2	gold	adj
A2	gold	n
A2	golf	n
A2	good	n
A2	government	n
A2	grass	n
A2	greet	v
A2	ground	n
A2	guest	n
A2	guide	n
A2	guide	v
A2	gun	n
A2	guy	n
A2	habit	n
A2	half	adv
A2	hall	n
A2	happily	adv
A2	have	auxiliary
A2	have	v
A2	headache	n
A2	heart	n
A2	heat	n
A2	heat	v
A2	heavy	adj
A2	height	n
A2	helpful	adj
A2	hero	n
A2	hers	pron
A2	herself	pron
A2	hide	v
A2	high	adv
A2	hill	n
A2	himself	pron
A2	his	pron
A2	hit	n
A2	hit	v
A2	hockey	n
A2	hold	v
A2	hole	n
A2	home	adj
A2	hope	n
A2	huge	adj
A2	human	adj
A2	human	n
A2	hurt	adj
A2	hurt	v
A2	ideal	adj
A2	identify	v
A2	ill	adj
A2	illness	n
A2	image	n
A2	immediately	adv
A2	impossible	adj
A2	included	adj
A2	including	prep
A2	increase	n
A2	increase	v
A2	incredible	adj
A2	independent	adj
A2	individual	adj
A2	individual	n
A2	industry	n
A2	informal	adj
A2	injury	n
A2	insect	n
A2	inside	adj
A2	inside	adv
A2	inside	n
A2	inside	prep
A2	instead	adv
A2	instruction	n
A2	instructor	n
A2	instrument	n
A2	intelligent	adj
A2	international	adj
A2	introduction	n
A2	invent	v
A2	invention	n
A2	invitation	n
A2	invite	v
A2	involve	v
A2	item	n
A2	itself	pron
A2	jam	n
A2	jazz	n
A2	jewellery	n
A2	joke	n
A2	joke	v
A2	journalist	n
A2	jump	n
A2	jump	v
A2	kid	n
A2	kill	v
A2	king	n
A2	knee	n
A2	knife	n
A2	knock	v
A2	knowledge	n
A2	lab	n
A2	lady	n
A2	lake	n
A2	lamp	n
A2	land	v
A2	laptop	n
A2	last	adv
A2	last	n
A2	last	v
A2	later	adj
A2	laughter	n
A2	law	n
A2	lawyer	n
A2	lazy	adj
A2	lead	v
A2	leader	n
A2	learning	n
A2	least	adv
A2	least	det
A2	least	pron
A2	lecture	n
A2	lecture	v
A2	lemon	n
A2	lend	v
A2	less	adv
A2	less	det
A2	less	pron
A2	level	n
A2	lifestyle	n
A2	lift	n
A2	lift	v
A2	light	adj
A2	light	v
A2	likely	adj
A2	link	n
A2	link	v
A2	listener	n
A2	little	adv
A2	lock	n
A2	lock	v
A2	look	n
A2	lorry	n
A2	lost	adj
A2	loud	adj
A2	loud	adv
A2	loudly	adv
A2	lovely	adj
A2	low	adj
A2	low	adv
A2	luck	n
A2	lucky	adj
A2	mail	n
A2	mail	v
A2	major	adj
A2	male	adj
A2	male	n
A2	manage	v
A2	manager	n
A2	manner	n
A2	mark	n
A2	mark	v
A2	marry	v
A2	material	n
A2	mathematics	n
A2	maths	n
A2	matter	n
A2	matter	v
A2	may	modal
A2	may	v
A2	media	n
A2	medical	adj
A2	medicine	n
A2	memory	n
A2	mention	v
A2	metal	n
A2	method	n
A2	middle	adj
A2	middle	n
A2	might	modal
A2	might	v
A2	mind	n
A2	mind	v
A2	mine	pron
A2	mirror	n
A2	missing	adj
A2	mobile	adj
A2	mobile	n
A2	monkey	n
A2	moon	n
A2	mostly	adv
A2	motorcycle	n
A2	movement	n
A2	musical	adj
A2	musician	n
A2	myself	pron
A2	narrow	adj
A2	national	adj
A2	nature	n
A2	nearly	adv
A2	necessary	adj
A2	neck	n
A2	need	n
A2	neither	det
A2	neither	pron
A2	nervous	adj
A2	network	n
A2	noise	n
A2	noisy	adj
A2	none	pron
A2	normal	adj
A2	normally	adv
A2	notice	n
A2	notice	v
A2	novel	n
A2	nowhere	adv
A2	number	v
A2	nut	n
A2	ocean	n
A2	offer	n
A2	offer	v
A2	officer	n
A2	oil	n
A2	onto	prep
A2	opportunity	n
A2	option	n
A2	ordinary	adj
A2	organization	n
A2	organize	v
A2	original	adj
A2	ourselves	pron
A2	outside	adj
A2	outside	noun
A2	outside	prep
A2	oven	n
A2	own	v
A2	owner	n
A2	pack	v
A2	pain	n
A2	painter	n
A2	palace	n
A2	pants	n
A2	parking	n
A2	particular	adj
A2	pass	v
A2	passenger	n
A2	past	adv
A2	patient	n
A2	pattern	n
A2	pay	n
A2	peace	n
A2	penny	n
A2	per	prep
A2	per-cent	adj
A2	per-cent	adv
A2	per-cent	n
A2	perform	v
A2	perhaps	adv
A2	permission	n
A2	personality	n
A2	pet	n
A2	petrol	n
A2	photograph	v
A2	physical	adj
A2	physics	n
A2	pick	v
A2	pilot	n
A2	planet	n
A2	plant	v
A2	plastic	adj
A2	plastic	n
A2	plate	n
A2	platform	n
A2	please	v
A2	pleased	adj
A2	pocket	n
A2	polite	adj
A2	pollution	n
A2	pop	adj
A2	pop	n
A2	population	n
A2	position	n
A2	possession	n
A2	possibility	n
A2	poster	n
A2	power	n
A2	predict	v
A2	present	v
A2	president	n
A2	prevent	v
A2	print	v
A2	printer	n
A2	prison	n
A2	prize	n
A2	process	n
A2	produce	v
A2	professional	adj
A2	professor	n
A2	profile	n
A2	program	n
A2	progress	n
A2	promise	n
A2	promise	v
A2	pronounce	v
A2	protect	v
A2	provide	v
A2	pub	n
A2	public	adj
A2	public	n
A2	publish	v
A2	pull	v
A2	purpose	n
A2	push	v
A2	quality	n
A2	quantity	n
A2	queen	n
A2	question	v
A2	quietly	adv
A2	race	n
A2	race	v
A2	railway	n
A2	raise	v
A2	rate	n
A2	rather	adv
A2	reach	v
A2	react	v
A2	realize	v
A2	receive	v
A2	recent	adj
A2	recently	adv
A2	reception	n
A2	recipe	n
A2	recognize	v
A2	recommend	v
A2	record	n
A2	record	v
A2	recording	n
A2	recycle	v
A2	reduce	v
A2	refer	v
A2	refuse	v
A2	region	n
A2	regular	adj
A2	relationship	n
A2	remove	v
A2	repair	v
A2	replace	v
A2	reply	n
A2	reply	v
A2	report	v
A2	reporter	n
A2	request	n
A2	research	n
A2	research	v
A2	researcher	n
A2	respond	v
A2	response	n
A2	rest	n
A2	rest	n
A2	rest	v
A2	review	n
A2	review	v
A2	ride	n
A2	ring	n
A2	ring	v
A2	rise	v
A2	rock	n
A2	rock	n
A2	role	n
A2	roof	n
A2	round	adj
A2	round	adv
A2	round	prep
A2	route	n
A2	rubbish	n
A2	rude	adj
A2	run	n
A2	runner	n
A2	running	n
A2	sadly	adv
A2	safe	adj
A2	sail	v
A2	sailing	n
A2	salary	n
A2	sale	n
A2	sauce	n
A2	save	v
A2	scared	adj
A2	scary	adj
A2	scene	n
A2	schedule	n
A2	score	n
A2	score	v
A2	screen	n
A2	search	n
A2	search	v
A2	season	n
A2	seat	n
A2	second	adv
A2	secondly	adv
A2	secret	adj
A2	secret	n
A2	secretary	n
A2	seem	v
A2	sense	n
A2	separate	adj
A2	series	n
A2	serious	adj
A2	serve	v
A2	service	n
A2	several	det
A2	several	pron
A2	shake	v
A2	shall	modal
A2	shall	v
A2	shape	n
A2	sheet	n
A2	ship	n
A2	shoulder	n
A2	shout	n
A2	shout	v
A2	shut	adj
A2	shut	v
A2	side	n
A2	sign	n
A2	sign	v
A2	silver	adj
A2	silver	n
A2	simple	adj
A2	since	conj
A2	since	prep
A2	singing	n
A2	single	adj
A2	single	n
A2	sir	n
A2	site	n
A2	size	n
A2	ski	n
A2	ski	v
A2	skiing	n
A2	skin	n
A2	sky	n
A2	sleep	n
A2	slowly	adv
A2	smell	n
A2	smell	v
A2	smile	n
A2	smile	v
A2	smoke	n
A2	smoke	v
A2	smoking	n
A2	soap	n
A2	soccer	n
A2	social	adj
A2	society	n
A2	sock	n
A2	soft	adj
A2	soldier	n
A2	solution	n
A2	solve	v
A2	somewhere	adv
A2	somewhere	pron
A2	sort	n
A2	source	n
A2	speaker	n
A2	specific	adj
A2	speech	n
A2	speed	n
A2	spider	n
A2	spoon	n
A2	square	adj
A2	square	n
A2	stage	n
A2	stair	n
A2	stamp	n
A2	star	v
A2	start	n
A2	state	n
A2	stay	n
A2	steal	v
A2	step	n
A2	stomach	n
A2	stone	n
A2	store	n
A2	storm	n
A2	straight	adj
A2	straight	adv
A2	strange	adj
A2	strategy	n
A2	stress	n
A2	stress	v
A2	structure	n
A2	stupid	adj
A2	succeed	v
A2	successful	adj
A2	such	det
A2	such	pron
A2	suddenly	adv
A2	suggest	v
A2	suggestion	n
A2	suit	n
A2	support	n
A2	support	v
A2	suppose	v
A2	sure	adv
A2	surprise	n
A2	surprise	v
A2	surprised	adj
A2	surprising	adj
A2	survey	n
A2	sweet	adj
A2	sweet	n
A2	symbol	n
A2	system	n
A2	tablet	n
A2	talk	n
A2	target	n
A2	task	n
A2	taste	n
A2	taste	v
A2	teaching	n
A2	technology	n
A2	teenage	adj
A2	temperature	n
A2	term	n
A2	themselves	pron
A2	thick	adj
A2	thief	n
A2	thin	adj
A2	thinking	n
A2	third	n
A2	thought	n
A2	throw	v
A2	tidy	adj
A2	tidy	v
A2	tie	n
A2	tie	v
A2	tip	n
A2	tool	n
A2	top	adj
A2	top	n
A2	touch	v
A2	tour	n
A2	tourism	n
A2	towards	prep
A2	towel	n
A2	tower	n
A2	toy	adj
A2	toy	n
A2	track	n
A2	tradition	n
A2	traditional	adj
A2	train	v
A2	trainer	n
A2	training	n
A2	transport	n
A2	traveller	n
A2	trouble	n
A2	truck	n
A2	twin	adj
A2	twin	n
A2	typical	adj
A2	underground	adj
A2	underground	adv
A2	understanding	n
A2	unfortunately	adv
A2	unhappy	adj
A2	uniform	n
A2	unit	n
A2	united	adj
A2	unusual	adj
A2	upstairs	adj
A2	use	n
A2	used-to	modal
A2	used-to	v
A2	user	n
A2	usual	adj
A2	valley	n
A2	van	n
A2	variety	n
A2	vehicle	n
A2	view	n
A2	virus	n
A2	voice	n
A2	wait	n
A2	war	n
A2	wash	n
A2	washing	n
A2	wave	n
A2	weak	adj
A2	web	n
A2	wedding	n
A2	weight	n
A2	welcome	n
A2	wet	adj
A2	wheel	n
A2	while	conj
A2	whole	adj
A2	whose	det
A2	whose	pron
A2	wide	adj
A2	wild	adj
A2	wind	n
A2	winner	n
A2	wish	n
A2	wish	v
A2	wood	n
A2	wooden	adj
A2	working	adj
A2	worried	adj
A2	worry	v
A2	worse	adj
A2	worst	adj
A2	wow	exclam
A2	yet	adv
A2	yours	pron
A2	zero	number
B1	IT	n
B1	belief	n
B1	bell	n
B1	bend	n
B1	bend	v
B1	benefit	v
B1	better	n
B1	bite	n
B1	bite	v
B1	block	n
B1	block	v
B1	board	v
B1	bomb	n
B1	bomb	v
B1	border	n
B1	bother	v
B1	branch	n
B1	brand	n
B1	brand	v
B1	brave	adj
B1	breath	n
B1	breathe	v
B1	breathing	n
B1	bride	n
B1	bubble	n
B1	bury	v
B1	by	adv
B1	calm	adj
B1	calm	n
B1	calm	v
B1	campaign	n
B1	campaign	v
B1	campus	n
B1	candidate	n
B1	cap	n
B1	captain	n
B1	careless	adj
B1	category	n
B1	ceiling	n
B1	celebration	n
B1	central	adj
B1	centre	v
B1	ceremony	n
B1	chain	n
B1	challenge	n
B1	champion	n
B1	channel	n
B1	chapter	n
B1	charge	n
B1	charge	v
B1	cheap	adv
B1	cheat	n
B1	cheat	v
B1	cheerful	adj
B1	chemical	adj
B1	chemical	n
B1	chest	n
B1	childhood	n
B1	claim	n
B1	claim	v
B1	clause	n
B1	clear	v
B1	click	n
B1	click	v
B1	client	n
B1	climb	n
B1	close	adv
B1	cloth	n
B1	clue	n
B1	coach	v
B1	coal	n
B1	coin	n
B1	collection	n
B1	coloured	adj
B1	combine	v
B1	comment	v
B1	commercial	adj
B1	commercial	n
B1	commit	v
B1	communication	n
B1	comparison	n
B1	competitive	adj
B1	competitor	n
B1	complaint	n
B1	complex	adj
B1	concentrate	v
B1	conclude	v
B1	conclusion	n
B1	confident	adj
B1	confirm	v
B1	confuse	v
B1	confused	adj
B1	connection	n
B1	consequence	n
B1	consist	v
B1	consume	v
B1	consumer	n
B1	contact	n
B1	contact	v
B1	container	n
B1	content	n
B1	continuous	adj
B1	contrast	n
B1	contrast	v
B1	convenient	adj
B1	convince	v
B1	cool	v
B1	costume	n
B1	cottage	n
B1	cotton	n
B1	count	n
B1	countryside	n
B1	court	n
B1	cover	n
B1	covered	adj
B1	cream	adj
B1	criminal	adj
B1	cruel	adj
B1	cultural	adj
B1	currency	n
B1	current	adj
B1	currently	adv
B1	curtain	n
B1	custom	n
B1	cut	n
B1	daily	adv
B1	damage	n
B1	damage	v
B1	deal	n
B1	decade	n
B1	decorate	v
B1	deep	adv
B1	define	v
B1	definite	adj
B1	definition	n
B1	deliver	v
B1	departure	n
B1	despite	prep
B1	destination	n
B1	determine	v
B1	determined	adj
B1	development	n
B1	diagram	n
B1	diamond	n
B1	difficulty	n
B1	direct	adv
B1	direct	v
B1	directly	adv
B1	dirt	n
B1	disadvantage	n
B1	disappointed	adj
B1	disappointing	adj
B1	discount	n
B1	dislike	n
B1	dislike	v
B1	divide	v
B1	documentary	n
B1	donate	v
B1	double	adv
B1	doubt	n
B1	doubt	v
B1	dressed	adj
B1	drop	n
B1	drum	n
B1	drunk	adj
B1	due	adj
B1	dust	n
B1	duty	n
B1	earthquake	n
B1	eastern	adj
B1	economic	adj
B1	economy	n
B1	edge	n
B1	editor	n
B1	educate	v
B1	educated	adj
B1	educational	adj
B1	effective	adj
B1	effectively	adv
B1	effort	n
B1	election	n
B1	element	n
B1	embarrassed	adj
B1	embarrassing	adj
B1	emergency	n
B1	emotion	n
B1	employment	n
B1	empty	v
B1	encourage	v
B1	enemy	n
B1	engaged	adj
B1	engineering	n
B1	entertain	v
B1	entertainment	n
B1	entrance	n
B1	entry	n
B1	environmental	adj
B1	episode	n
B1	equal	adj
B1	equal	v
B1	equally	adv
B1	escape	n
B1	escape	v
B1	essential	adj
B1	eventually	adv
B1	examine	v
B1	except	conj
B1	exchange	n
B1	exchange	v
B1	excitement	n
B1	exhibition	n
B1	expand	v
B1	expected	adj
B1	expedition	n
B1	experience	v
B1	experienced	adj
B1	experiment	v
B1	explode	v
B1	explore	v
B1	explosion	n
B1	export	n
B1	export	v
B1	extra	adv
B1	extra	n
B1	face	v
B1	fairly	adv
B1	familiar	adj
B1	fancy	adj
B1	fancy	v
B1	far	adj
B1	fascinating	adj
B1	fashionable	adj
B1	fasten	v
B1	favour	n
B1	fear	v
B1	feature	v
B1	fence	n
B1	fighting	n
B1	file	n
B1	financial	adj
B1	fire	v
B1	fitness	n
B1	fixed	adj
B1	flag	n
B1	flood	n
B1	flood	v
B1	flour	n
B1	flow	n
B1	flow	v
B1	fold	v
B1	folk	adj
B1	folk	n
B1	following	n
B1	force	n
B1	force	v
B1	forever	adv
B1	frame	n
B1	frame	v
B1	freeze	v
B1	frequently	adv
B1	friendship	n
B1	frighten	v
B1	frightened	adj
B1	frightening	adj
B1	frozen	adj
B1	fry	v
B1	fuel	n
B1	function	n
B1	fur	n
B1	further	adv
B1	garage	n
B1	gather	v
B1	generally	adv
B1	generation	n
B1	generous	adj
B1	gentle	adj
B1	gentleman	n
B1	ghost	n
B1	giant	adj
B1	giant	n
B1	glad	adj
B1	global	adj
B1	glove	n
B1	go	n
B1	goods	n
B1	grade	n
B1	graduate	n
B1	graduate	v
B1	grain	n
B1	grateful	adj
B1	growth	n
B1	guard	n
B1	guard	v
B1	guilty	adj
B1	hand	v
B1	hang	v
B1	happiness	n
B1	hardly	adv
B1	hate	n
B1	head	v
B1	headline	n
B1	heating	n
B1	heavily	adv
B1	helicopter	n
B1	highlight	n
B1	highlight	v
B1	highly	adv
B1	hire	v
B1	historic	adj
B1	historical	adj
B1	honest	adj
B1	horrible	adj
B1	horror	n
B1	host	n
B1	hunt	v
B1	hurricane	n
B1	hurry	n
B1	hurry	v
B1	identity	n
B1	ignore	v
B1	illegal	adj
B1	imaginary	adj
B1	immediate	adj
B1	immigrant	n
B1	impact	n
B1	impact	v
B1	import	n
B1	import	v
B1	importance	n
B1	impression	n
B1	impressive	adj
B1	improvement	n
B1	incredibly	adv
B1	indeed	adv
B1	indicate	v
B1	indirect	adj
B1	indoor	adj
B1	indoors	adv
B1	influence	n
B1	influence	v
B1	ingredient	n
B1	injure	v
B1	injured	adj
B1	innocent	adj
B1	intelligence	n
B1	intend	v
B1	intention	n
B1	invest	v
B1	investigate	v
B1	involved	adj
B1	iron	n
B1	iron	v
B1	issue	n
B1	journal	n
B1	judge	n
B1	judge	v
B1	keen	adj
B1	key	v
B1	keyboard	n
B1	kick	n
B1	kick	v
B1	killing	n
B1	kind	adj
B1	kiss	n
B1	kiss	v
B1	knock	n
B1	label	n
B1	label	v
B1	laboratory	n
B1	lack	n
B1	lack	v
B1	latest	adj
B1	lay	v
B1	layer	n
B1	lead	n
B1	leading	adj
B1	leaf	n
B1	leather	n
B1	legal	adj
B1	leisure	n
B1	length	n
B1	level	adj
B1	lie	n
B1	lie	v
B1	like	n
B1	limit	n
B1	limit	v
B1	lip	n
B1	liquid	adj
B1	liquid	n
B1	literature	n
B1	live	adj
B1	live	adv
B1	living	adj
B1	living	n
B1	local	n
B1	locate	v
B1	located	adj
B1	location	n
B1	lonely	adj
B1	loss	n
B1	luxury	n
B1	mad	adj
B1	magic	adj
B1	magic	n
B1	mainly	adv
B1	mall	n
B1	management	n
B1	market	v
B1	marketing	n
B1	marriage	n
B1	meanwhile	adv
B1	measure	n
B1	measure	v
B1	medium	adj
B1	mental	adj
B1	mention	n
B1	mess	n
B1	mess	v
B1	mild	adj
B1	mine	n
B1	mix	n
B1	mix	v
B1	mixture	n
B1	mood	n
B1	move	n
B1	mud	n
B1	murder	n
B1	murder	v
B1	muscle	n
B1	musical	n
B1	mystery	n
B1	nail	n
B1	narrative	adj
B1	narrative	n
B1	nation	n
B1	native	adj
B1	native	n
B1	naturally	adv
B1	necessarily	adv
B1	need	modal
B1	need	v
B1	needle	n
B1	neighbourhood	n
B1	neither	adv
B1	net	n
B1	next	n
B1	nor	adv
B1	nor	conj
B1	normal	n
B1	northern	adj
B1	note	v
B1	now	conj
B1	nuclear	adj
B1	obvious	adj
B1	obviously	adv
B1	occasion	n
B1	occur	v
B1	odd	adj
B1	official	adj
B1	old-fashioned	adj
B1	once	conj
B1	operation	n
B1	organized	adj
B1	organizer	n
B1	original	n
B1	originally	adv
B1	ought	modal
B1	ought	v
B1	ours	pron
B1	outdoor	adj
B1	outdoors	adv
B1	pack	n
B1	package	n
B1	painful	adj
B1	pale	adj
B1	pan	n
B1	participate	v
B1	particularly	adv
B1	pass	n
B1	passion	n
B1	path	n
B1	payment	n
B1	peaceful	adj
B1	percentage	n
B1	perfectly	adv
B1	performance	n
B1	personally	adv
B1	persuade	v
B1	photographer	n
B1	photography	n
B1	pin	n
B1	pin	v
B1	pipe	n
B1	place	v
B1	planning	n
B1	pleasant	adj
B1	pleasure	n
B1	plenty	pron
B1	plot	n
B1	plus	prep
B1	poem	n
B1	poet	n
B1	poetry	n
B1	point	v
B1	poison	n
B1	poison	v
B1	poisonous	adj
B1	policy	n
B1	political	adj
B1	politician	n
B1	politics	n
B1	port	n
B1	portrait	n
B1	possibly	adv
B1	pot	n
B1	pour	v
B1	poverty	n
B1	powder	n
B1	powerful	adj
B1	practical	adj
B1	pray	v
B1	prayer	n
B1	prediction	n
B1	prepared	adj
B1	presentation	n
B1	press	n
B1	press	v
B1	pressure	n
B1	pretend	v
B1	previous	adj
B1	previously	adv
B1	priest	n
B1	primary	adj
B1	prince	n
B1	princess	n
B1	printing	n
B1	prisoner	n
B1	private	adj
B1	producer	n
B1	production	n
B1	profession	n
B1	profit	n
B1	program	v
B1	promote	v
B1	proper	adj
B1	properly	adv
B1	property	n
B1	protest	n
B1	protest	v
B1	proud	adj
B1	prove	v
B1	pull	n
B1	punish	v
B1	punishment	n
B1	push	n
B1	qualification	n
B1	qualified	adj
B1	qualify	v
B1	queue	n
B1	queue	v
B1	quit	v
B1	quotation	n
B1	quote	n
B1	quote	v
B1	race	n
B1	racing	n
B1	range	n
B1	rare	adj
B1	rarely	adv
B1	reaction	n
B1	reality	n
B1	receipt	n
B1	recommendation	n
B1	reference	n
B1	reflect	v
B1	regularly	adv
B1	reject	v
B1	relate	v
B1	related	adj
B1	relation	n
B1	relative	adj
B1	relative	n
B1	relaxed	adj
B1	relaxing	adj
B1	release	n
B1	release	v
B1	reliable	adj
B1	religion	n
B1	religious	adj
B1	remain	v
B1	remind	v
B1	remote	adj
B1	rent	n
B1	rent	v
B1	repair	n
B1	repeat	n
B1	repeated	adj
B1	represent	v
B1	request	v
B1	require	v
B1	reservation	n
B1	resource	n
B1	respect	n
B1	respect	v
B1	responsibility	n
B1	responsible	adj
B1	result	v
B1	retire	v
B1	retired	adj
B1	revise	v
B1	ring	n
B1	rise	n
B1	risk	n
B1	risk	v
B1	robot	n
B1	roll	n
B1	roll	v
B1	romantic	adj
B1	rope	n
B1	rough	adj
B1	row	n
B1	royal	adj
B1	rugby	n
B1	rule	v
B1	safety	n
B1	sail	n
B1	sailor	n
B1	sample	n
B1	sand	n
B1	scan	v
B1	scientific	adj
B1	script	n
B1	sculpture	n
B1	secondary	adj
B1	security	n
B1	seed	n
B1	sensible	adj
B1	separate	v
B1	seriously	adv
B1	servant	n
B1	set	n
B1	set	v
B1	setting	n
B1	sex	n
B1	sexual	adj
B1	shake	n
B1	share	n
B1	sharp	adj
B1	shelf	n
B1	shell	n
B1	shift	n
B1	shine	v
B1	shiny	adj
B1	shoot	v
B1	shy	adj
B1	sight	n
B1	signal	n
B1	signal	v
B1	silent	adj
B1	silly	adj
B1	similarity	n
B1	similarly	adv
B1	simply	adv
B1	since	adv
B1	sink	v
B1	slice	n
B1	slice	v
B1	slightly	adv
B1	slow	v
B1	smart	adj
B1	smooth	adj
B1	software	n
B1	soil	n
B1	solid	adj
B1	solid	n
B1	sort	v
B1	southern	adj
B1	specifically	adv
B1	spending	n
B1	spicy	adj
B1	spirit	n
B1	spoken	adj
B1	spot	n
B1	spread	v
B1	spring	v
B1	stadium	n
B1	staff	n
B1	standard	adj
B1	standard	n
B1	state	adj
B1	state	v
B1	statistic	n
B1	statue	n
B1	stick	n
B1	stick	v
B1	still	adj
B1	store	v
B1	stranger	n
B1	strength	n
B1	string	n
B1	strongly	adv
B1	studio	n
B1	stuff	n
B1	substance	n
B1	successfully	adv
B1	sudden	adj
B1	suffer	v
B1	suit	v
B1	suitable	adj
B1	summarize	v
B1	summary	n
B1	supply	n
B1	supply	v
B1	supporter	n
B1	surely	adv
B1	surface	n
B1	survive	v
B1	swim	n
B1	switch	v
B1	symptom	n
B1	tail	n
B1	talent	n
B1	talented	adj
B1	tape	n
B1	tax	n
B1	tax	v
B1	technical	adj
B1	technique	n
B1	tend	v
B1	tent	n
B1	that	adv
B1	theirs	pron
B1	theme	n
B1	theory	n
B1	therefore	adv
B1	this	adv
B1	though	adv
B1	though	conj
B1	throat	n
B1	throughout	adv
B1	throughout	prep
B1	tight	adj
B1	till	conj
B1	till	prep
B1	tin	n
B1	tiny	adj
B1	tip	v
B1	toe	n
B1	tongue	n
B1	total	adj
B1	total	n
B1	totally	adv
B1	touch	n
B1	tour	v
B1	trade	n
B1	trade	v
B1	translate	v
B1	translation	n
B1	transport	v
B1	treat	v
B1	treatment	n
B1	trend	n
B1	trick	n
B1	trick	v
B1	truth	n
B1	tube	n
B1	type	v
B1	typically	adv
B1	tyre	n
B1	ugly	adj
B1	unable	adj
B1	uncomfortable	adj
B1	underwear	n
B1	unemployed	adj
B1	unemployment	n
B1	unfair	adj
B1	union	n
B1	unless	conj
B1	unlike	prep
B1	unlikely	adj
B1	unnecessary	adj
B1	unpleasant	adj
B1	update	n
B1	update	v
B1	upon	prep
B1	upset	adj
B1	upset	v
B1	used	adj
B1	used	adj
B1	valuable	adj
B1	value	n
B1	various	adj
B1	version	n
B1	victim	n
B1	view	v
B1	viewer	n
B1	violent	adj
B1	volunteer	n
B1	volunteer	v
B1	vote	n
B1	vote	v
B1	warm	v
B1	warn	v
B1	warning	n
B1	waste	adj
B1	waste	n
B1	waste	v
B1	water	v
B1	wave	v
B1	weapon	n
B1	weigh	v
B1	western	adj
B1	whatever	det
B1	whatever	pron
B1	whenever	conj
B1	whether	conj
B1	while	n
B1	whole	n
B1	will	n
B1	win	n
B1	wing	n
B1	within	prep
B1	wonder	n
B1	wonder	v
B1	wool	n
B1	worldwide	adj
B1	worldwide	adv
B1	worry	n
B1	worse	adv
B1	worst	adv
B1	worth	adj
B1	written	adj
B1	wrong	adv
B1	yard	n
B1	young	n
B1	youth	n
B2	beg	v
B2	being	n
B2	bent	adj
B2	bet	n
B2	bet	v
B2	beyond	adv
B2	beyond	prep
B2	bill	v
B2	bitter	adj
B2	blame	n
B2	blame	v
B2	blind	adj
B2	bond	n
B2	border	v
B2	breast	n
B2	brief	adj
B2	broad	adj
B2	broadcast	n
B2	broadcast	v
B2	budget	n
B2	bullet	n
B2	bunch	n
B2	burn	n
B2	bush	n
B2	but	prep
B2	cable	n
B2	calculate	v
B2	cancel	v
B2	cancer	n
B2	capable	adj
B2	capacity	n
B2	capture	n
B2	capture	v
B2	cast	n
B2	cast	v
B2	catch	n
B2	cell	n
B2	chain	v
B2	chair	v
B2	chairman	n
B2	challenge	v
B2	characteristic	adj
B2	characteristic	n
B2	chart	v
B2	chief	adj
B2	chief	n
B2	circumstance	n
B2	cite	v
B2	citizen	n
B2	civil	adj
B2	classic	adj
B2	classic	n
B2	close	n
B2	closely	adv
B2	collapse	n
B2	collapse	v
B2	combination	n
B2	comfort	n
B2	comfort	v
B2	command	n
B2	command	v
B2	commission	n
B2	commission	v
B2	commitment	n
B2	committee	n
B2	commonly	adv
B2	complex	n
B2	complicated	adj
B2	component	n
B2	concentration	n
B2	concept	n
B2	concern	n
B2	concern	v
B2	concerned	adj
B2	conduct	n
B2	conduct	v
B2	confidence	n
B2	conflict	n
B2	conflict	v
B2	confusing	adj
B2	conscious	adj
B2	conservative	adj
B2	conservative	n
B2	consideration	n
B2	consistent	adj
B2	constant	adj
B2	constantly	adv
B2	construct	v
B2	construction	n
B2	contemporary	adj
B2	contest	n
B2	contest	v
B2	contract	n
B2	contract	v
B2	contribute	v
B2	contribution	n
B2	convert	v
B2	convinced	adj
B2	core	adj
B2	core	n
B2	corporate	adj
B2	council	n
B2	county	n
B2	courage	n
B2	crash	n
B2	crash	v
B2	creation	n
B2	creature	n
B2	credit	v
B2	crew	n
B2	crisis	n
B2	criterion	n
B2	critic	n
B2	critical	adj
B2	criticism	n
B2	criticize	v
B2	crop	n
B2	crucial	adj
B2	cry	n
B2	cure	n
B2	cure	v
B2	current	n
B2	curve	n
B2	curve	v
B2	curved	adj
B2	date	v
B2	debate	n
B2	debate	v
B2	debt	n
B2	decent	adj
B2	declare	v
B2	decline	n
B2	decline	v
B2	decoration	n
B2	decrease	n
B2	decrease	v
B2	deeply	adv
B2	defeat	n
B2	defeat	v
B2	defence	n
B2	defend	v
B2	delay	n
B2	delay	v
B2	deliberate	adj
B2	deliberately	adv
B2	delight	n
B2	delight	v
B2	delighted	adj
B2	delivery	n
B2	demand	n
B2	demand	v
B2	demonstrate	v
B2	deny	v
B2	depressed	adj
B2	depressing	adj
B2	depth	n
B2	desert	v
B2	deserve	v
B2	desire	n
B2	desire	v
B2	desperate	adj
B2	detail	v
B2	detailed	adj
B2	detect	v
B2	dig	v
B2	disc	n
B2	discipline	n
B2	discount	v
B2	dishonest	adj
B2	dismiss	v
B2	display	n
B2	display	v
B2	distribute	v
B2	distribution	n
B2	district	n
B2	divide	n
B2	division	n
B2	document	v
B2	domestic	adj
B2	dominate	v
B2	downwards	adv
B2	dozen	det
B2	dozen	n
B2	draft	n
B2	draft	v
B2	drag	v
B2	dramatic	adj
B2	edit	v
B2	edition	n
B2	efficient	adj
B2	elderly	adj
B2	elect	v
B2	elsewhere	adv
B2	emerge	v
B2	emotional	adj
B2	emphasis	n
B2	emphasize	v
B2	enable	v
B2	encounter	n
B2	encounter	v
B2	engage	v
B2	enhance	v
B2	enquiry	n
B2	ensure	v
B2	enthusiasm	n
B2	enthusiastic	adj
B2	entire	adj
B2	entirely	adv
B2	equal	n
B2	establish	v
B2	estate	n
B2	estimate	n
B2	estimate	v
B2	ethical	adj
B2	evaluate	v
B2	even	adj
B2	evil	adj
B2	evil	n
B2	examination	n
B2	excuse	n
B2	excuse	v
B2	executive	adj
B2	executive	n
B2	existence	n
B2	expectation	n
B2	expense	n
B2	exploration	n
B2	expose	v
B2	extend	v
B2	extent	n
B2	external	adj
B2	extraordinary	adj
B2	extreme	n
B2	facility	n
B2	failure	n
B2	faith	n
B2	fault	n
B2	favour	v
B2	feather	n
B2	fee	n
B2	feed	n
B2	feedback	n
B2	feel	n
B2	fellow	adj
B2	figure	v
B2	file	v
B2	finance	n
B2	finance	v
B2	finding	n
B2	firm	n
B2	fix	n
B2	flame	n
B2	flash	n
B2	flash	v
B2	flexible	adj
B2	float	v
B2	fold	n
B2	folding	adj
B2	following	prep
B2	forgive	v
B2	former	adj
B2	fortune	n
B2	forward	adj
B2	found	v
B2	free	v
B2	freedom	n
B2	frequency	n
B2	fuel	v
B2	fully	adv
B2	function	v
B2	fund	n
B2	fund	v
B2	fundamental	adj
B2	funding	n
B2	furthermore	adv
B2	gain	n
B2	gain	v
B2	gang	n
B2	generate	v
B2	genre	n
B2	govern	v
B2	grab	v
B2	grade	v
B2	gradually	adv
B2	grand	adj
B2	grant	n
B2	grant	v
B2	guarantee	n
B2	guarantee	v
B2	handle	n
B2	handle	v
B2	harm	n
B2	harm	v
B2	harmful	adj
B2	hearing	n
B2	heaven	n
B2	heel	n
B2	hell	n
B2	hesitate	v
B2	high	n
B2	hire	n
B2	hold	n
B2	hollow	adj
B2	holy	adj
B2	honour	n
B2	honour	v
B2	host	v
B2	house	v
B2	household	n
B2	housing	n
B2	humorous	adj
B2	humour	n
B2	hunt	n
B2	hunting	n
B2	hurt	n
B2	ideal	n
B2	illustrate	v
B2	illustration	n
B2	imagination	n
B2	impatient	adj
B2	imply	v
B2	impose	v
B2	impress	v
B2	impressed	adj
B2	inch	n
B2	incident	n
B2	income	n
B2	increasingly	adv
B2	industrial	adj
B2	infection	n
B2	inform	v
B2	initial	adj
B2	initially	adv
B2	initiative	n
B2	inner	adj
B2	insight	n
B2	insist	v
B2	inspire	v
B2	install	v
B2	instance	n
B2	institute	n
B2	institution	n
B2	insurance	n
B2	intended	adj
B2	intense	adj
B2	internal	adj
B2	interpret	v
B2	interrupt	v
B2	investigation	n
B2	investment	n
B2	issue	v
B2	joy	n
B2	judgement	n
B2	junior	adj
B2	justice	n
B2	justify	v
B2	labour	n
B2	landscape	n
B2	largely	adv
B2	latest	n
B2	launch	n
B2	launch	v
B2	leadership	n
B2	league	n
B2	lean	v
B2	leave	n
B2	level	v
B2	licence	n
B2	limited	adj
B2	line	v
B2	lively	adj
B2	load	n
B2	load	v
B2	loan	n
B2	logical	adj
B2	long-term	adj
B2	long-term	adv
B2	loose	adj
B2	lord	n
B2	low	n
B2	lower	v
B2	lung	n
B2	maintain	v
B2	majority	n
B2	make	n
B2	map	v
B2	mass	adj
B2	mass	n
B2	massive	adj
B2	master	n
B2	master	v
B2	matching	adj
B2	material	adj
B2	maximum	adj
B2	maximum	n
B2	means	n
B2	measurement	n
B2	medium	n
B2	melt	v
B2	military	adj
B2	military	n
B2	mineral	n
B2	minimum	adj
B2	minimum	n
B2	minister	n
B2	minor	adj
B2	minority	n
B2	mission	n
B2	mistake	v
B2	mixed	adj
B2	model	v
B2	modify	v
B2	monitor	n
B2	monitor	v
B2	moral	adj
B2	moral	n
B2	motor	adj
B2	motor	n
B2	mount	v
B2	multiple	adj
B2	multiply	v
B2	mysterious	adj
B2	narrow	v
B2	national	n
B2	neat	adj
B2	negative	n
B2	nerve	n
B2	nevertheless	adv
B2	nightmare	n
B2	notion	n
B2	numerous	adj
B2	obey	v
B2	object	v
B2	objective	adj
B2	objective	n
B2	obligation	n
B2	observation	n
B2	observe	v
B2	obtain	v
B2	occasionally	adv
B2	offence	n
B2	offend	v
B2	offensive	adj
B2	official	n
B2	opening	n
B2	operate	v
B2	opponent	n
B2	oppose	v
B2	opposed	adj
B2	opposition	n
B2	organ	n
B2	origin	n
B2	otherwise	adv
B2	outcome	n
B2	outer	adj
B2	outline	n
B2	outline	v
B2	overall	adj
B2	overall	adv
B2	owe	v
B2	pace	n
B2	pace	v
B2	package	v
B2	panel	n
B2	parliament	n
B2	participant	n
B2	partly	adv
B2	passage	n
B2	patient	adj
B2	pension	n
B2	permanent	adj
B2	permit	n
B2	permit	v
B2	perspective	n
B2	phase	n
B2	phenomenon	n
B2	philosophy	n
B2	pick	n
B2	picture	v
B2	pile	n
B2	pile	v
B2	pitch	n
B2	plain	adj
B2	plot	v
B2	plus	adj
B2	plus	conj
B2	plus	n
B2	pointed	adj
B2	popularity	n
B2	pose	v
B2	position	v
B2	positive	n
B2	possess	v
B2	potential	adj
B2	potential	n
B2	power	v
B2	praise	n
B2	praise	v
B2	pregnant	adj
B2	preparation	n
B2	presence	n
B2	preserve	v
B2	price	v
B2	prime	adj
B2	principle	n
B2	print	n
B2	priority	n
B2	privacy	n
B2	procedure	n
B2	process	v
B2	produce	v
B2	professional	n
B2	progress	v
B2	project	v
B2	proof	n
B2	proposal	n
B2	propose	v
B2	prospect	n
B2	protection	n
B2	psychologist	n
B2	psychology	n
B2	publication	n
B2	pupil	n
B2	purchase	n
B2	purchase	v
B2	pure	adj
B2	pursue	v
B2	range	v
B2	rank	n
B2	rank	v
B2	rapid	adj
B2	rapidly	adv
B2	rate	v
B2	raw	adj
B2	reach	n
B2	realistic	adj
B2	reasonable	adj
B2	recall	v
B2	recover	v
B2	reduction	n
B2	regard	n
B2	regard	v
B2	regional	adj
B2	register	n
B2	register	v
B2	regret	n
B2	regret	v
B2	regulation	n
B2	relatively	adv
B2	relevant	adj
B2	relief	n
B2	rely	v
B2	remark	n
B2	remark	v
B2	representative	adj
B2	representative	n
B2	reputation	n
B2	requirement	n
B2	rescue	n
B2	rescue	v
B2	reserve	n
B2	reserve	v
B2	resident	adj
B2	resident	n
B2	resist	v
B2	resolve	v
B2	resort	n
B2	retain	v
B2	reveal	v
B2	revolution	n
B2	reward	n
B2	reward	v
B2	rhythm	n
B2	rid	v
B2	root	n
B2	round	n
B2	routine	adj
B2	rub	v
B2	rubber	adj
B2	rubber	n
B2	rural	adj
B2	rush	n
B2	rush	v
B2	sample	v
B2	satellite	n
B2	satisfied	adj
B2	satisfy	v
B2	saving	n
B2	scale	n
B2	schedule	v
B2	scheme	n
B2	scream	n
B2	scream	v
B2	screen	v
B2	seat	v
B2	sector	n
B2	secure	adj
B2	secure	v
B2	seek	v
B2	select	v
B2	selection	n
B2	self	n
B2	senior	adj
B2	sense	v
B2	sensitive	adj
B2	sentence	v
B2	sequence	n
B2	session	n
B2	settle	v
B2	severe	adj
B2	shade	n
B2	shadow	n
B2	shallow	adj
B2	shame	n
B2	shape	v
B2	shelter	n
B2	shelter	v
B2	shift	v
B2	ship	v
B2	shock	n
B2	shock	v
B2	shocked	adj
B2	shooting	n
B2	shot	n
B2	significant	adj
B2	significantly	adv
B2	silence	n
B2	silk	n
B2	sincere	adj
B2	slave	n
B2	slide	n
B2	slide	v
B2	slight	adj
B2	slip	v
B2	slope	n
B2	slope	v
B2	solar	adj
B2	somewhat	adv
B2	soul	n
B2	specialist	adj
B2	specialist	n
B2	species	n
B2	speed	v
B2	spiritual	adj
B2	split	n
B2	split	v
B2	sponsor	n
B2	sponsor	v
B2	spot	v
B2	spread	n
B2	stable	adj
B2	stage	v
B2	stand	n
B2	stare	v
B2	status	n
B2	steady	adj
B2	steel	n
B2	steep	adj
B2	step	v
B2	sticky	adj
B2	stiff	adj
B2	stock	n
B2	stream	n
B2	stretch	n
B2	stretch	v
B2	strict	adj
B2	strike	n
B2	strike	v
B2	structure	v
B2	struggle	n
B2	struggle	v
B2	stuff	v
B2	subject	adj
B2	submit	v
B2	sum	n
B2	sum	v
B2	surgery	n
B2	surround	v
B2	surrounding	adj
B2	survey	v
B2	suspect	n
B2	suspect	v
B2	swear	v
B2	sweep	v
B2	switch	n
B2	sympathy	n
B2	tale	n
B2	tank	n
B2	target	v
B2	tear	n
B2	tear	n
B2	tear	v
B2	temporary	adj
B2	term	v
B2	therapy	n
B2	threat	n
B2	threaten	v
B2	thus	adv
B2	time	v
B2	title	v
B2	tone	n
B2	tough	adj
B2	track	v
B2	transfer	n
B2	transfer	v
B2	transform	v
B2	transition	n
B2	trial	n
B2	trip	v
B2	tropical	adj
B2	trouble	v
B2	truly	adv
B2	trust	n
B2	trust	v
B2	try	n
B2	tune	n
B2	tunnel	n
B2	ultimately	adv
B2	unconscious	adj
B2	unexpected	adj
B2	unique	adj
B2	universe	n
B2	unknown	adj
B2	upper	adj
B2	upwards	adv
B2	urban	adj
B2	urge	v
B2	value	v
B2	vary	v
B2	vast	adj
B2	venue	n
B2	very	adj
B2	via	prep
B2	victory	n
B2	violence	n
B2	virtual	adj
B2	vision	n
B2	visual	adj
B2	vital	adj
B2	vitamin	n
B2	volume	n
B2	wage	n
B2	way	adv
B2	weakness	n
B2	wealth	n
B2	wealthy	adj
B2	whereas	conj
B2	wherever	conj
B2	whisper	n
B2	whisper	v
B2	whom	pron
B2	widely	adv
B2	wildlife	n
B2	willing	adj
B2	wind	v
B2	wire	n
B2	wise	adj
B2	witness	n
B2	witness	v
B2	worse	n
B2	worst	n
B2	worth	n
B2	wound	n
B2	wound	v
B2	wrap	v
B2	wrong	n
B2	yet	conj
B2	zone	n
